﻿<?xml version="1.0" encoding="utf-8"?>

<Defs>


    <HediffDef ParentName="ImplantHediffBase">
        <defName>BionicWomb</defName>
        <label>Artifical Womb</label>
        <labelNoun>an artificial womb</labelNoun>
    </HediffDef>
    <HediffDef ParentName="ImplantHediffBase">
        <defName>GivingBirth</defName>
        <label>Giving Birth</label>
        <labelNoun>OMG! My water!</labelNoun>
        <hediffClass>DarkIntentionsWoohoo.HeDiffPrisonerGivingBirth</hediffClass>
    </HediffDef>
</Defs>